"1","135.9200","135.9700","135.9200","135.8300","136.0100","134293","2025-04-11 19:59:00"
"2","64.5000","64.4600","64.5000","64.4550","64.5200","68532","2025-04-11 19:59:00"
"3","126.8800","126.8300","126.8800","126.7500","126.9400","303711","2025-04-11 19:59:00"
"4","174.9900","174.8200","174.9900","174.7800","175.1100","284390","2025-04-11 19:59:00"
"5","284.3400","283.5050","284.3400","283.4600","284.3600","294482","2025-04-11 19:59:00"
"6","352.1300","352.5100","352.1300","352.1300","352.5600","172182","2025-04-11 19:59:00"
"7","93.3000","93.2050","93.3000","93.1450","93.3500","852673","2025-04-11 19:59:00"
"8","10.3000","10.2950","10.3000","10.2800","10.3000","276263","2025-04-11 19:59:00"
"9","106.8000","106.8050","106.8000","106.7700","106.9500","121817","2025-04-11 19:59:00"
"10","102.7100","102.6500","102.7100","102.6000","102.7800","94878","2025-04-11 19:59:00"
"11","269.0100","268.7500","269.0100","268.7500","269.0600","47009","2025-04-11 19:59:00"
"12","114.5200","114.5100","114.5200","114.4800","114.5700","206525","2025-04-11 19:59:00"
"13","74.0600","74.0400","74.0600","74.0200","74.0900","43322","2025-04-11 19:59:00"
"14","56.6800","56.6100","56.6800","56.6100","56.7400","62670","2025-04-11 19:59:00"
"15","76.9100","76.8450","76.9100","76.8450","76.9400","109303","2025-04-11 19:59:00"
"16","164.0700","164.2300","164.0700","164.0700","164.3200","26494","2025-04-11 19:59:00"
"17","125.1500","125.0250","125.1500","125.0100","125.2100","46321","2025-04-11 19:59:00"
"18","60.5800","60.5800","60.5800","60.5400","60.6000","74843","2025-04-11 19:59:00"
"19","192.5000","192.5700","192.5000","192.4400","192.7500","55026","2025-04-11 19:59:00"
"20","157.0000","157.0900","157.0000","156.8900","157.1700","1063501","2025-04-11 19:59:00"
"21","159.3000","159.3600","159.3000","159.1700","159.4600","854100","2025-04-11 19:59:00"
"22","56.6500","56.6900","56.6500","56.6100","56.7200","509476","2025-04-11 19:59:00"
"23","184.7900","184.8700","184.7900","184.5800","184.9100","1478048","2025-04-11 19:59:00"
"24","9.3300","9.3350","9.3300","9.3250","9.3400","624321","2025-04-11 19:59:00"
"25","97.4800","97.4400","97.4800","97.3200","97.4900","65939","2025-04-11 19:59:00"
"26","104.6200","104.5800","104.6200","104.5300","104.6400","174337","2025-04-11 19:59:00"
"27","251.2200","251.5100","251.2200","250.9100","251.5600","186472","2025-04-11 19:59:00"
"28","81.9700","82.0600","81.9700","81.9100","82.0600","179206","2025-04-11 19:59:00"
"29","213.1300","213.2550","213.1300","212.9580","213.3500","83973","2025-04-11 19:59:00"
"30","146.0800","146.0600","146.0800","145.9800","146.1600","56943","2025-04-11 19:59:00"
"31","468.7800","469.6300","468.7800","468.7400","469.7600","16247","2025-04-11 19:59:00"
"32","158.8700","158.7000","158.8700","158.6900","158.9100","87505","2025-04-11 19:59:00"
"33","285.8400","285.8800","285.8400","285.7800","286.0100","126288","2025-04-11 19:59:00"
"34","65.4000","65.3700","65.4000","65.3600","65.4800","209829","2025-04-11 19:59:00"
"35","179.1200","178.9600","179.1200","178.9550","179.2900","142126","2025-04-11 19:59:00"
"36","295.8900","296.1700","295.8900","295.8600","296.2800","22550","2025-04-11 19:59:00"
"37","376.2200","375.2700","376.2200","375.2400","376.2400","128129","2025-04-11 19:59:00"
"38","15.0000","14.9950","15.0000","14.9900","15.0050","309858","2025-04-11 19:59:00"
"39","125.9800","125.9600","125.9800","125.9200","126.2600","201852","2025-04-11 19:59:00"
"40","198.0200","197.9400","198.0200","197.5800","198.1900","2157977","2025-04-11 19:59:00"
"41","144.8900","144.7950","144.8900","144.7600","145.0700","387792","2025-04-11 19:59:00"
"42","47.9200","48.0050","47.9200","47.8700","48.0100","140580","2025-04-11 19:59:00"
"43","92.1800","92.1500","92.1800","92.0400","92.2000","67242","2025-04-11 19:59:00"
"44","45.8200","45.7400","45.8200","45.7350","45.8300","189621","2025-04-11 19:59:00"
"45","72.6550","72.4900","72.6550","72.4500","72.6700","484605","2025-04-11 19:59:00"
"46","333.9700","334.3900","333.9700","333.9100","334.6550","54351","2025-04-11 19:59:00"
"47","189.6000","189.4800","189.6000","189.3600","189.6700","22341","2025-04-11 19:59:00"
"48","26.7900","26.7850","26.7900","26.7450","26.8000","1191890","2025-04-11 19:59:00"
"49","151.5400","151.5500","151.5400","151.4000","151.6500","37134","2025-04-11 19:59:00"
"50","258.4000","258.5200","258.4000","258.1900","258.5600","71980","2025-04-11 19:59:00"
"51","299.3700","299.4900","299.3700","299.3100","299.5900","94123","2025-04-11 19:59:00"
"52","3655.7749","3655.7749","3655.7749","3655.7749","3655.7749","2546","2025-04-11 19:58:00"
"53","193.0100","192.9900","193.0100","192.8000","193.1000","45245","2025-04-11 19:59:00"
"54","169.5000","169.4200","169.5000","169.2700","169.5000","33884","2025-04-11 19:59:00"
"55","567.9800","567.4400","567.9800","567.3900","567.9800","26096","2025-04-11 19:59:00"
"56","37.9200","37.9250","37.9200","37.9000","37.9500","422691","2025-04-11 19:59:00"
"57","48.0900","48.1200","48.0900","48.0600","48.1400","67854","2025-04-11 19:59:00"
"58","35.9500","35.9300","35.9500","35.9000","35.9500","1274436","2025-04-11 19:59:00"
"59","27.8200","27.9050","27.8200","27.8200","27.9100","105856","2025-04-11 19:59:00"
"60","201.7200","201.5300","201.7200","201.4800","201.7300","95404","2025-04-11 19:59:00"
"62","60.4250","60.4750","60.4250","60.3500","60.5000","124571","2025-04-11 19:59:00"
"63","50.7000","50.6950","50.7000","50.6800","50.7300","76357","2025-04-11 19:59:00"
"64","115.1400","115.1150","115.1400","115.0400","115.1900","89527","2025-04-11 19:59:00"
"65","878.3100","878.9875","878.3100","878.3100","880.0900","26472","2025-04-11 19:59:00"
"66","127.1700","127.1750","127.1700","127.1700","127.2400","250391","2025-04-11 19:59:00"
"67","77.6900","77.7100","77.6900","77.6400","77.8800","162033","2025-04-11 19:59:00"
"68","156.8100","156.9100","156.8100","156.7700","157.1450","174445","2025-04-11 19:59:00"
"69","4590.2998","4588.6802","4590.2998","4587.4702","4594.4600","11596","2025-04-11 19:59:00"
"70","93.6700","93.6500","93.6700","93.5000","93.6900","364114","2025-04-11 19:59:00"
"71","50.7000","50.6700","50.7000","50.6400","50.7100","419182","2025-04-11 19:59:00"
"72","181.9400","181.6350","181.9400","181.4500","182.4700","1567951","2025-04-11 19:59:00"
"73","231.5100","231.6700","231.5100","231.3900","231.6700","31520","2025-04-11 19:59:00"
"74","118.8300","118.8700","118.8300","118.7150","118.9050","126266","2025-04-11 19:59:00"
"76","120.8200","120.6150","120.8200","120.5800","120.8900","63393","2025-04-11 19:59:00"
"77","76.3500","76.3800","76.3500","76.2600","76.4200","48148","2025-04-11 19:59:00"
"78","60.6200","60.5400","60.6200","60.5400","60.6900","46240","2025-04-11 19:59:00"
"79","91.2400","91.2500","91.2400","91.2000","91.2600","27149","2025-04-11 19:59:00"
"80","259.2800","259.2850","259.2800","259.0950","259.5800","92370","2025-04-11 19:59:00"
"81","25.3100","25.3450","25.3100","25.3050","25.3500","96055","2025-04-11 19:59:00"
"82","107.8800","107.8500","107.8800","107.8100","107.9400","42328","2025-04-11 19:59:00"
"83","38.1400","38.1200","38.1400","38.1000","38.1500","109446","2025-04-11 19:59:00"
"84","160.9400","160.9550","160.9400","160.9200","161.0875","129545","2025-04-11 19:59:00"
"85","131.7100","131.6400","131.7100","131.6200","131.8100","114489","2025-04-11 19:59:00"
"86","68.3550","68.5200","68.3550","68.3550","68.5800","95984","2025-04-11 19:59:00"
"87","17.6300","17.6900","17.6300","17.6300","17.7000","553351","2025-04-11 19:59:00"
"88","59.2400","59.1750","59.2400","59.0600","59.2800","292053","2025-04-11 19:59:00"
"89","293.3000","293.3600","293.3000","293.2000","293.5400","119329","2025-04-11 19:59:00"
"90","215.1000","214.5100","215.1000","214.4100","215.1000","46117","2025-04-11 19:59:00"
"91","115.8800","115.9100","115.8800","115.7500","115.9700","109457","2025-04-11 19:59:00"
"92","148.7900","148.7100","148.7900","148.6400","148.8900","55936","2025-04-11 19:59:00"
"93","284.3600","284.4600","284.3600","284.1240","284.5100","57304","2025-04-11 19:59:00"
"94","63.8300","63.8100","63.8300","63.7200","63.8800","183670","2025-04-11 19:59:00"
"95","36.5600","36.5550","36.5600","36.4900","36.5750","417715","2025-04-11 19:59:00"
"96","72.0000","72.0000","72.0000","71.9300","72.0100","123553","2025-04-11 19:59:00"
"97","99.7400","99.5510","99.7400","99.5500","99.8200","126583","2025-04-11 19:59:00"
"98","76.9600","76.9450","76.9600","76.9100","77.0600","304370","2025-04-11 19:59:00"
"99","334.1200","334.1500","334.1200","333.8850","334.3300","48075","2025-04-11 19:59:00"
"100","135.6200","135.4800","135.6200","135.3900","135.6600","280576","2025-04-11 19:59:00"
"101","49.7600","49.7150","49.7600","49.6800","49.7700","323823","2025-04-11 19:59:00"
"102","283.3900","283.2400","283.3900","283.1600","283.4100","110556","2025-04-11 19:59:00"
"103","104.3400","104.2200","104.3400","104.2200","104.3400","61995","2025-04-11 19:59:00"
"104","330.1900","329.4350","330.1900","329.3300","330.1900","104966","2025-04-11 19:59:00"
"105","131.0700","131.0900","131.0700","130.9900","131.1000","38396","2025-04-11 19:59:00"
"106","206.0200","206.0100","206.0200","205.8000","206.1400","95820","2025-04-11 19:59:00"
"107","57.3200","57.3200","57.3200","57.2800","57.3400","794060","2025-04-11 19:59:00"
"108","61.6400","61.7400","61.6400","61.5500","61.7400","631850","2025-04-11 19:59:00"
"109","34.8050","34.7750","34.8050","34.7600","34.8300","239256","2025-04-11 19:59:00"
"110","141.4700","141.3500","141.4700","141.2900","141.4700","48215","2025-04-11 19:59:00"
"111","261.4800","261.4200","261.4800","261.2500","261.6500","136984","2025-04-11 19:59:00"
"112","71.8200","71.7700","71.8200","71.7100","71.8200","139852","2025-04-11 19:59:00"
"113","71.3900","71.3400","71.3900","71.2900","71.3900","733068","2025-04-11 19:59:00"
"114","70.1500","70.1700","70.1500","70.1200","70.2000","140719","2025-04-11 19:59:00"
"115","93.9800","93.9800","93.9800","93.9200","94.0250","167785","2025-04-11 19:59:00"
"116","33.6800","33.6950","33.6800","33.6601","33.7050","1308882","2025-04-11 19:59:00"
"117","25.9700","25.9650","25.9700","25.9550","25.9850","218076","2025-04-11 19:59:00"
"118","86.3900","86.3550","86.3900","86.3400","86.4100","291063","2025-04-11 19:59:00"
"119","109.8400","109.8200","109.8400","109.7600","109.8600","102265","2025-04-11 19:59:00"
"120","185.5500","185.6800","185.5500","185.4900","185.7900","76460","2025-04-11 19:59:00"
"121","208.1200","207.8900","208.1200","207.8700","208.3100","135760","2025-04-11 19:59:00"
"122","77.4900","77.4700","77.4900","77.4400","77.5500","84816","2025-04-11 19:59:00"
"123","59.8500","59.8400","59.8500","59.7800","59.9000","199611","2025-04-11 19:59:00"
"124","41.2350","41.1700","41.2350","41.1500","41.2700","363866","2025-04-11 19:59:00"
"125","305.2300","305.1050","305.2300","304.7800","305.7400","22198","2025-04-11 19:59:00"
"126","59.2700","59.2700","59.2700","59.2300","59.3100","116095","2025-04-11 19:59:00"
"127","77.4400","77.4000","77.4400","77.3600","77.4700","96629","2025-04-11 19:59:00"
"128","963.2100","963.2200","963.2100","962.3100","963.6300","121247","2025-04-11 19:59:00"
"129","25.1600","25.1250","25.1600","25.1200","25.1600","197075","2025-04-11 19:59:00"
"130","377.2500","378.1100","377.2500","377.2500","378.2000","83390","2025-04-11 19:59:00"
"131","96.6500","96.6150","96.6500","96.6000","96.7300","94449","2025-04-11 19:59:00"
"132","28.0000","28.0012","28.0000","27.9800","28.0200","491264","2025-04-11 19:59:00"
"133","285.8800","286.0100","285.8800","285.3700","286.2900","28520","2025-04-11 19:59:00"
"134","69.5000","69.5450","69.5000","69.4900","69.6300","592036","2025-04-11 19:59:00"
"135","188.5700","188.7800","188.5700","188.4793","188.8600","128845","2025-04-11 19:59:00"
"136","194.3000","194.4200","194.3000","194.2900","194.5400","47847","2025-04-11 19:59:00"
"137","155.5600","155.4700","155.5600","155.3610","155.5800","23699","2025-04-11 19:59:00"
"138","55.0900","55.0500","55.0900","55.0400","55.0900","49190","2025-04-11 19:59:00"
"139","109.0050","108.9400","109.0050","108.7800","109.0700","112814","2025-04-11 19:59:00"
"140","459.1900","459.7050","459.1900","458.9900","459.8750","35162","2025-04-11 19:59:00"
"141","81.8900","81.9700","81.8900","81.8200","82.0200","184640","2025-04-11 19:59:00"
"142","40.8750","40.8750","40.8750","40.8600","40.9500","320476","2025-04-11 19:59:00"
"143","28.2200","28.2250","28.2200","28.2100","28.2300","255723","2025-04-11 19:59:00"
"144","66.1300","66.1400","66.1300","66.0600","66.1700","170095","2025-04-11 19:59:00"
"145","129.0100","128.6100","129.0100","128.6025","129.0100","129237","2025-04-11 19:59:00"
"146","144.9700","145.1000","144.9700","144.9000","145.2600","73394","2025-04-11 19:59:00"
"147","156.9700","156.9650","156.9700","156.8500","157.1000","57665","2025-04-11 19:59:00"
"148","88.9900","89.1200","88.9900","88.9800","89.2150","160882","2025-04-11 19:59:00"
"149","72.0350","72.1100","72.0350","72.0350","72.1500","180815","2025-04-11 19:59:00"
"150","52.7200","52.6700","52.7200","52.6400","52.7200","222455","2025-04-11 19:59:00"
"151","462.3600","462.1150","462.3600","461.8600","462.4400","20679","2025-04-11 19:59:00"
"152","180.4300","180.4450","180.4300","180.3100","180.5400","148166","2025-04-11 19:59:00"
"153","162.0500","162.2250","162.0500","161.8000","162.3100","99652","2025-04-11 19:59:00"
"154","28.4000","28.4050","28.4000","28.4000","28.4500","344300","2025-04-11 19:59:00"
"155","119.7400","119.7600","119.7400","119.6700","119.8562","100153","2025-04-11 19:59:00"
"156","129.7600","129.5350","129.7600","129.5350","129.7800","100415","2025-04-11 19:59:00"
"157","118.9250","118.8200","118.9250","118.7200","118.9400","138881","2025-04-11 19:59:00"
"158","58.8800","58.7900","58.8800","58.7900","58.8800","185892","2025-04-11 19:59:00"
"159","78.3500","78.2350","78.3500","78.2200","78.3500","100484","2025-04-11 19:59:00"
"160","277.5200","277.1500","277.5200","277.1425","277.5600","122010","2025-04-11 19:59:00"
"161","64.5600","64.5950","64.5600","64.5450","64.6200","157788","2025-04-11 19:59:00"
"162","235.2600","234.9000","235.2600","234.7200","235.4200","132203","2025-04-11 19:59:00"
"163","56.0500","56.1200","56.0500","56.0500","56.1500","48936","2025-04-11 19:59:00"
"164","69.3700","69.3200","69.3700","69.3100","69.4300","242307","2025-04-11 19:59:00"
"165","142.9600","142.9100","142.9600","142.8400","142.9800","107449","2025-04-11 19:59:00"
"166","439.5100","439.6300","439.5100","439.3900","439.9700","31204","2025-04-11 19:59:00"
"167","100.4600","100.3200","100.4600","100.3100","100.5000","167307","2025-04-11 19:59:00"
"168","51.8700","51.8400","51.8700","51.7801","51.8900","108800","2025-04-11 19:59:00"
"169","81.7200","81.7098","81.7200","81.6400","81.7800","134392","2025-04-11 19:59:00"
"170","108.5400","108.5950","108.5400","108.4800","108.6500","95159","2025-04-11 19:59:00"
"171","147.7700","147.5400","147.7700","147.5100","147.7700","21598","2025-04-11 19:59:00"
"172","49.6600","49.6600","49.6600","49.5500","49.6750","329198","2025-04-11 19:59:00"
"173","220.1000","220.3700","220.1000","220.1000","220.5400","49163","2025-04-11 19:59:00"
"174","776.3800","777.8900","776.3800","776.3800","777.9000","29461","2025-04-11 19:59:00"
"175","64.6300","64.6150","64.6300","64.5900","64.7100","84639","2025-04-11 19:59:00"
"176","418.9000","419.0700","418.9000","418.9000","419.2100","3603","2025-04-11 19:59:00"
"177","263.3100","263.0700","263.3100","262.9100","263.3900","22857","2025-04-11 19:59:00"
"178","55.2300","55.1950","55.2300","55.1500","55.2400","155499","2025-04-11 19:59:00"
"179","349.3200","349.6700","349.3200","349.2800","349.7750","21263","2025-04-11 19:59:00"
"180","66.5100","66.5500","66.5100","66.4700","66.5700","55475","2025-04-11 19:59:00"
"181","56.3100","56.2600","56.3100","56.2400","56.3100","94221","2025-04-11 19:59:00"
"182","45.9900","46.0050","45.9900","45.9850","46.0300","323164","2025-04-11 19:59:00"
"183","103.3900","103.3950","103.3900","103.3600","103.4300","106575","2025-04-11 19:59:00"
"184","150.5600","150.5000","150.5600","150.4600","150.7900","104476","2025-04-11 19:59:00"
"185","110.1700","110.1150","110.1700","110.0450","110.1800","63610","2025-04-11 19:59:00"
"186","133.8700","133.7300","133.8700","133.7300","133.9000","74029","2025-04-11 19:59:00"
"187","103.1300","102.9800","103.1300","102.9600","103.1700","597098","2025-04-11 19:59:00"
"188","261.9800","261.9800","261.9800","261.6800","262.1100","15534","2025-04-11 19:59:00"
"189","425.2200","425.7900","425.2200","425.1600","425.9600","11918","2025-04-11 19:59:00"
"190","1890.2200","1893.4600","1890.2200","1889.5699","1894.8550","9909","2025-04-11 19:59:00"
"191","80.6700","80.6700","80.6700","80.6000","80.7100","196642","2025-04-11 19:59:00"
"192","90.2400","90.2900","90.2400","90.1900","90.3550","20401","2025-04-11 19:59:00"
"193","207.7200","207.4100","207.7200","207.4100","207.7200","126132","2025-04-11 19:59:00"
"194","72.3300","72.3850","72.3300","72.3000","72.4800","132894","2025-04-11 19:59:00"
"195","33.8200","33.7950","33.8200","33.7950","33.8400","171390","2025-04-11 19:59:00"
"196","125.9000","125.9100","125.9000","125.7925","125.9600","67348","2025-04-11 19:59:00"
"197","40.5900","40.5900","40.5900","40.5500","40.6000","144225","2025-04-11 19:59:00"
"198","208.1350","207.9500","208.1350","207.7300","208.2200","142985","2025-04-11 19:59:00"
"199","9.3250","9.3200","9.3250","9.3100","9.3350","2113077","2025-04-11 19:59:00"
"200","97.6800","97.7350","97.6800","97.6700","97.7700","181415","2025-04-11 19:59:00"
"201","65.0000","64.7900","65.0000","64.7800","65.0100","219926","2025-04-11 19:59:00"
"202","48.8700","48.8400","48.8700","48.8400","48.8800","164864","2025-04-11 19:59:00"
"203","45.6200","45.6400","45.6200","45.6200","45.6800","43914","2025-04-11 19:59:00"
"204","17.9000","17.8850","17.9000","17.8850","17.9250","194275","2025-04-11 19:59:00"
"205","33.3400","33.3650","33.3400","33.3150","33.3700","506819","2025-04-11 19:59:00"
"206","189.6800","189.7200","189.6800","189.4000","189.7400","29023","2025-04-11 19:59:00"
"207","400.0350","399.9900","400.0350","399.6900","400.2100","16759","2025-04-11 19:59:00"
"208","181.6200","181.6200","181.6200","181.4300","181.6800","187509","2025-04-11 19:59:00"
"209","62.8100","62.8000","62.8100","62.7300","62.8600","371763","2025-04-11 19:59:00"
"210","321.3300","321.0150","321.3300","320.9701","321.4700","87275","2025-04-11 19:59:00"
"211","24.4100","24.4000","24.4100","24.3900","24.4250","153899","2025-04-11 19:59:00"
"212","110.2500","110.1600","110.2500","110.0900","110.2900","34309","2025-04-11 19:59:00"
"213","276.5800","276.7600","276.5800","276.4200","276.7800","55742","2025-04-11 19:59:00"
"214","57.9600","57.9200","57.9600","57.9000","57.9600","201058","2025-04-11 19:59:00"
"215","43.6200","43.6450","43.6200","43.6000","43.6650","209982","2025-04-11 19:59:00"
"216","115.2400","115.1200","115.2400","115.0300","115.2600","71473","2025-04-11 19:59:00"
"217","103.6200","103.5700","103.6200","103.5200","103.6800","423306","2025-04-11 19:59:00"
"218","84.9301","84.9800","84.9301","84.9100","85.0600","74034","2025-04-11 19:59:00"
"219","119.4500","119.5200","119.4500","119.3150","119.5300","19970","2025-04-11 19:59:00"
"220","172.0000","172.0600","172.0000","171.8100","172.1500","129236","2025-04-11 19:59:00"
"221","494.0000","494.6400","494.0000","494.0000","495.0000","78481","2025-04-11 19:59:00"
"222","21.0500","21.0350","21.0500","21.0350","21.0850","348490","2025-04-11 19:59:00"
"223","115.9900","116.0150","115.9900","115.9400","116.1300","52560","2025-04-11 19:59:00"
"224","52.0200","52.0400","52.0200","52.0018","52.0800","71815","2025-04-11 19:59:00"
"225","333.3300","333.0900","333.3300","332.3000","333.3800","91737","2025-04-11 19:59:00"
"226","18.1450","18.1400","18.1450","18.1300","18.1600","202633","2025-04-11 19:59:00"
"227","64.4600","64.4700","64.4600","64.4100","64.4900","33956","2025-04-11 19:59:00"
"228","165.6500","165.5500","165.6500","165.4800","165.6500","40443","2025-04-11 19:59:00"
"229","128.4900","128.4200","128.4900","128.3300","128.4900","44986","2025-04-11 19:59:00"
"230","14.1400","14.1100","14.1400","14.1100","14.1800","1129529","2025-04-11 19:59:00"
"231","212.2900","212.4300","212.2900","212.2800","212.5400","85709","2025-04-11 19:59:00"
"232","57.8400","57.8400","57.8400","57.7800","57.8500","104234","2025-04-11 19:59:00"
"233","353.7800","353.7100","353.7800","353.3900","353.8300","185090","2025-04-11 19:59:00"
"234","198.3700","198.4500","198.3700","198.3200","198.4900","171598","2025-04-11 19:59:00"
"235","30.3000","30.2600","30.3000","30.2500","30.3000","133354","2025-04-11 19:59:00"
"236","13.7000","13.7000","13.7000","13.6900","13.7100","264262","2025-04-11 19:59:00"
"237","125.6550","125.6900","125.6550","125.6000","125.7550","102093","2025-04-11 19:59:00"
"238","23.4350","23.4150","23.4350","23.4150","23.4600","516041","2025-04-11 19:59:00"
"239","353.5600","353.8200","353.5600","353.4300","354.2300","46245","2025-04-11 19:59:00"
"240","294.7500","294.9900","294.7500","294.6700","295.3200","63933","2025-04-11 19:59:00"
"241","12.8850","12.8850","12.8850","12.8700","12.8900","414106","2025-04-11 19:59:00"
"242","215.7300","216.0400","215.7300","215.6900","216.3600","31082","2025-04-11 19:59:00"
"243","235.4700","235.4600","235.4700","235.3300","235.6800","137528","2025-04-11 19:59:00"
"244","168.4900","168.1950","168.4900","168.1700","168.5400","35333","2025-04-11 19:59:00"
"245","391.1900","391.1300","391.1900","390.4600","391.1900","42405","2025-04-11 19:59:00"
"246","232.2200","232.4000","232.2200","232.1200","232.4900","48660","2025-04-11 19:59:00"
"247","56.8700","56.8250","56.8700","56.8100","56.9000","96761","2025-04-11 19:59:00"
"248","73.0200","73.1000","73.0200","72.9300","73.1300","126794","2025-04-11 19:59:00"
"249","253.8300","254.1600","253.8300","253.8200","254.2300","16005","2025-04-11 19:59:00"
"250","19.7234","19.7250","19.7234","19.7000","19.7700","1903830","2025-04-11 19:59:00"
"251","155.8700","155.9450","155.8700","155.8000","155.9700","146527","2025-04-11 19:59:00"
"252","73.1900","73.2800","73.1900","73.1292","73.2900","57368","2025-04-11 19:59:00"
"253","46.8400","46.8625","46.8400","46.7900","46.9100","195681","2025-04-11 19:59:00"
"254","24.5700","24.5750","24.5700","24.5600","24.5900","116759","2025-04-11 19:59:00"
"255","586.7600","587.5700","586.7600","586.6300","587.5700","72632","2025-04-11 19:59:00"
"256","493.0700","493.3100","493.0700","492.8100","493.5000","87066","2025-04-11 19:59:00"
"257","12.7800","12.7550","12.7800","12.7500","12.7800","239236","2025-04-11 19:59:00"
"258","32.1100","32.0900","32.1100","32.0900","32.1300","174836","2025-04-11 19:59:00"
"259","145.4400","145.3900","145.4400","145.2500","145.6200","72421","2025-04-11 19:59:00"
"260","83.4100","83.3800","83.4100","83.3400","83.4900","69931","2025-04-11 19:59:00"
"261","132.7900","132.8500","132.7900","132.7500","132.9000","73204","2025-04-11 19:59:00"
"262","131.9400","131.8450","131.9400","131.7300","131.9700","69475","2025-04-11 19:59:00"
"263","172.7300","172.8400","172.7300","172.6100","172.8900","11623","2025-04-11 19:59:00"
"264","116.5400","116.3200","116.5400","116.3200","116.5400","47780","2025-04-11 19:59:00"
"265","151.6400","151.5700","151.6400","151.4500","151.7400","357735","2025-04-11 19:59:00"
"266","77.7200","77.6400","77.7200","77.6400","77.7800","172706","2025-04-11 19:59:00"
"267","236.1400","236.2700","236.1400","236.0600","236.3400","446212","2025-04-11 19:59:00"
"268","34.9000","34.8900","34.9000","34.8700","34.9250","97124","2025-04-11 19:59:00"
"269","82.2400","82.1850","82.2400","82.1700","82.2700","87641","2025-04-11 19:59:00"
"270","22.0900","22.1000","22.0900","22.0700","22.1100","496422","2025-04-11 19:59:00"
"271","35.1600","35.1550","35.1600","35.1300","35.1650","351597","2025-04-11 19:59:00"
"272","13.7300","13.7100","13.7300","13.7050","13.7400","462667","2025-04-11 19:59:00"
"273","133.5400","133.3900","133.5400","133.3750","133.5800","56905","2025-04-11 19:59:00"
"274","139.7700","139.7800","139.7700","139.5800","139.7800","54048","2025-04-11 19:59:00"
"275","20.1200","20.1100","20.1200","20.1000","20.1500","239311","2025-04-11 19:59:00"
"276","26.4700","26.4250","26.4700","26.4200","26.4800","541950","2025-04-11 19:59:00"
"277","101.4150","101.4000","101.4150","101.3300","101.5300","192563","2025-04-11 19:59:00"
"278","669.8200","669.6250","669.8200","669.1100","670.2000","67426","2025-04-11 19:59:00"
"279","29.3290","29.3150","29.3290","29.3000","29.3400","296416","2025-04-11 19:59:00"
"280","68.2200","68.2500","68.2200","68.1800","68.2550","177040","2025-04-11 19:59:00"
"281","221.8700","221.7400","221.8700","221.5500","222.1600","81820","2025-04-11 19:59:00"
"282","221.4600","221.5400","221.4600","221.2800","221.5800","31662","2025-04-11 19:59:00"
"283","67.4550","67.3950","67.4550","67.3900","67.4900","486412","2025-04-11 19:59:00"
"284","54.7400","54.6200","54.7400","54.6100","54.7800","108227","2025-04-11 19:59:00"
"285","32.0800","32.0600","32.0800","32.0500","32.0900","214980","2025-04-11 19:59:00"
"286","141.9500","142.0850","141.9500","141.8500","142.1200","21728","2025-04-11 19:59:00"
"287","105.2100","105.1600","105.2100","105.1500","105.2500","105126","2025-04-11 19:59:00"
"288","554.4200","553.1300","554.4200","552.9900","554.4300","23217","2025-04-11 19:59:00"
"289","732.2600","731.5600","732.2600","731.0300","732.2700","169523","2025-04-11 19:59:00"
"290","441.5500","441.8200","441.5500","441.3400","441.9200","139234","2025-04-11 19:59:00"
"291","129.5200","129.5450","129.5200","129.3900","129.6200","70307","2025-04-11 19:59:00"
"292","42.0100","42.0400","42.0100","41.9900","42.0450","60802","2025-04-11 19:59:00"
"293","474.4200","475.0250","474.4200","474.2900","475.2600","54932","2025-04-11 19:59:00"
"294","84.6700","84.6050","84.6700","84.5600","84.6800","72638","2025-04-11 19:59:00"
"295","220.3100","220.0450","220.3100","220.0300","220.3700","135925","2025-04-11 19:59:00"
"296","261.1100","261.3400","261.1100","260.8800","261.3400","61189","2025-04-11 19:59:00"
"297","56.8800","56.9650","56.8800","56.8700","56.9800","135218","2025-04-11 19:59:00"
"298","157.9000","157.7900","157.9000","157.6700","157.9650","47196","2025-04-11 19:59:00"
"299","123.4300","123.2900","123.4300","123.2500","123.4400","114672","2025-04-11 19:59:00"
"300","221.9700","221.8400","221.9700","221.7100","222.0700","25986","2025-04-11 19:59:00"
"301","225.1400","225.2350","225.1400","225.0800","225.2700","73170","2025-04-11 19:59:00"
"302","233.2200","233.6300","233.2200","233.1600","233.6300","80305","2025-04-11 19:59:00"
"303","491.9800","491.6800","491.9800","491.4500","492.0300","17466","2025-04-11 19:59:00"
"304","61.9400","61.8600","61.9400","61.8400","61.9500","87793","2025-04-11 19:59:00"
"305","509.7500","509.3300","509.7500","509.1800","510.2700","165595","2025-04-11 19:59:00"
"306","28.4900","28.4850","28.4900","28.4700","28.5000","194785","2025-04-11 19:59:00"
"307","75.9600","75.8500","75.9600","75.8200","76.0200","153455","2025-04-11 19:59:00"
"308","309.8200","309.7300","309.8200","309.6100","310.0200","144681","2025-04-11 19:59:00"
"309","689.7700","690.7100","689.7700","689.1000","691.0100","42216","2025-04-11 19:59:00"
"310","82.8900","82.6700","82.8900","82.6500","82.9100","401186","2025-04-11 19:59:00"
"311","79.0700","79.1500","79.0700","79.0500","79.1800","418109","2025-04-11 19:59:00"
"312","543.2900","543.5300","543.2900","542.8600","543.6900","413875","2025-04-11 19:59:00"
"313","71.3900","71.2250","71.3900","71.2250","71.3900","217966","2025-04-11 19:59:00"
"314","1040.9750","1041.9800","1040.9750","1040.9399","1043.0699","7281","2025-04-11 19:59:00"
"315","29.3600","29.3850","29.3600","29.3300","29.4000","213880","2025-04-11 19:59:00"
"316","38.6700","38.5750","38.6700","38.5725","38.6900","516482","2025-04-11 19:59:00"
"317","69.5200","69.4250","69.5200","69.3700","69.5500","537820","2025-04-11 19:59:00"
"318","387.9900","387.7700","387.9900","387.4600","388.3600","899497","2025-04-11 19:59:00"
"319","154.2300","154.2350","154.2300","154.2200","154.3600","75101","2025-04-11 19:59:00"
"320","26.1500","26.1700","26.1500","26.1500","26.2300","312171","2025-04-11 19:59:00"
"321","105.0400","105.0300","105.0400","104.8600","105.1100","35417","2025-04-11 19:59:00"
"322","345.0000","345.2800","345.0000","344.5900","345.2800","50539","2025-04-11 19:59:00"
"323","60.6900","60.6250","60.6900","60.6150","60.6900","84645","2025-04-11 19:59:00"
"324","67.0400","67.0150","67.0400","66.9850","67.0500","382431","2025-04-11 19:59:00"
"325","532.9000","531.9050","532.9000","531.5800","533.5600","42299","2025-04-11 19:59:00"
"326","58.1400","58.1350","58.1400","58.1200","58.1700","225711","2025-04-11 19:59:00"
"327","428.3300","428.6300","428.3300","428.1300","428.9200","28178","2025-04-11 19:59:00"
"328","108.0200","108.0200","108.0200","107.8900","108.1700","237425","2025-04-11 19:59:00"
"329","25.7900","25.7200","25.7900","25.7000","25.8000","258374","2025-04-11 19:59:00"
"330","422.1900","421.7800","422.1900","421.4600","422.4100","30030","2025-04-11 19:59:00"
"331","541.5500","542.0800","541.5500","541.2500","542.1600","13257","2025-04-11 19:59:00"
"332","71.5000","71.5200","71.5000","71.4900","71.5700","130565","2025-04-11 19:59:00"
"333","82.6500","82.6700","82.6500","82.5600","82.6750","89345","2025-04-11 19:59:00"
"334","917.7400","918.2550","917.7400","916.6600","918.5100","184379","2025-04-11 19:59:00"
"335","54.9800","54.7750","54.9800","54.7750","54.9800","583018","2025-04-11 19:59:00"
"336","26.1800","26.1700","26.1800","26.1650","26.2000","114587","2025-04-11 19:59:00"
"337","30.2400","30.2500","30.2400","30.2300","30.2600","22326","2025-04-11 19:59:00"
"338","65.8100","65.7150","65.8100","65.6850","65.8200","499625","2025-04-11 19:59:00"
"339","54.3700","54.4450","54.3700","54.3600","54.4550","378674","2025-04-11 19:59:00"
"340","38.4700","38.4050","38.4700","38.3850","38.4700","339070","2025-04-11 19:59:00"
"341","185.5800","185.8100","185.5800","185.5600","185.8100","25948","2025-04-11 19:59:00"
"342","218.1900","217.8900","218.1900","217.8900","218.1900","48772","2025-04-11 19:59:00"
"343","88.2800","88.3500","88.2800","88.2300","88.3700","45880","2025-04-11 19:59:00"
"344","534.0400","534.2000","534.0400","533.7600","534.6000","56244","2025-04-11 19:59:00"
"345","16.3100","16.3250","16.3100","16.3000","16.3400","255690","2025-04-11 19:59:00"
"346","94.4500","94.4500","94.4500","94.3700","94.5430","65723","2025-04-11 19:59:00"
"347","111.1800","111.2000","111.1800","111.1400","111.3500","59807","2025-04-11 19:59:00"
"348","110.6900","110.7050","110.6900","110.5700","110.8500","4936776","2025-04-11 19:59:00"
"349","7203.9600","7208.2900","7203.9600","7201.3101","7212.9600","581","2025-04-11 19:59:00"
"350","168.7800","168.7100","168.7800","168.6300","168.8500","148185","2025-04-11 19:59:00"
"351","1389.4900","1390.6350","1389.4900","1388.8000","1390.6350","16882","2025-04-11 19:59:00"
"352","37.6700","37.6850","37.6700","37.6600","37.7050","296802","2025-04-11 19:59:00"
"353","152.1200","152.3000","152.1200","152.0000","152.3400","114859","2025-04-11 19:59:00"
"354","75.6000","75.5550","75.6000","75.5200","75.6300","91369","2025-04-11 19:59:00"
"355","35.0800","35.0250","35.0800","34.9500","35.1200","391382","2025-04-11 19:59:00"
"356","82.5400","82.4100","82.5400","82.4000","82.5400","172584","2025-04-11 19:59:00"
"357","132.3200","132.2600","132.3200","132.1600","132.3900","354467","2025-04-11 19:59:00"
"358","97.0700","96.9200","97.0700","96.9200","97.0800","132266","2025-04-11 19:59:00"
"359","90.4100","90.4500","90.4100","90.3800","90.4900","159726","2025-04-11 19:59:00"
"360","188.9300","189.0500","188.9300","188.7100","189.1200","21119","2025-04-11 19:59:00"
"361","88.5100","88.4000","88.5100","88.3650","88.5700","899690","2025-04-11 19:59:00"
"362","168.2600","168.3900","168.2600","168.2100","168.4700","179104","2025-04-11 19:59:00"
"363","10.7000","10.6950","10.7000","10.6825","10.7100","163654","2025-04-11 19:59:00"
"364","565.2600","564.9100","565.2600","564.4050","565.2700","44232","2025-04-11 19:59:00"
"365","146.7100","146.7800","146.7100","146.6000","146.7900","91898","2025-04-11 19:59:00"
"366","215.6700","215.6550","215.6700","215.4000","215.7700","22764","2025-04-11 19:59:00"
"367","62.5400","62.5150","62.5400","62.4650","62.7200","673875","2025-04-11 19:59:00"
"368","82.1200","82.0200","82.1200","81.9600","82.1300","88255","2025-04-11 19:59:00"
"369","144.3500","144.3850","144.3500","144.3000","144.4500","415803","2025-04-11 19:59:00"
"370","21.9100","21.8850","21.9100","21.8800","21.9100","1266326","2025-04-11 19:59:00"
"371","16.9200","16.9250","16.9200","16.9100","16.9300","320055","2025-04-11 19:59:00"
"372","153.8700","153.8550","153.8700","153.6600","153.9000","258391","2025-04-11 19:59:00"
"373","97.3400","97.2100","97.3400","97.1700","97.3600","101491","2025-04-11 19:59:00"
"374","91.9100","91.9700","91.9100","91.7800","91.9900","48387","2025-04-11 19:59:00"
"375","151.9100","151.5750","151.9100","151.3500","151.9100","204146","2025-04-11 19:59:00"
"376","311.5500","311.1200","311.5500","311.1200","311.5500","15476","2025-04-11 19:59:00"
"377","100.7300","100.7700","100.7300","100.6400","100.8100","56528","2025-04-11 19:59:00"
"378","34.7500","34.7500","34.7500","34.7200","34.7700","161181","2025-04-11 19:59:00"
"379","72.5800","72.6050","72.5800","72.5600","72.6100","77432","2025-04-11 19:59:00"
"380","166.8500","166.9400","166.8500","166.6800","167.0100","326211","2025-04-11 19:59:00"
"381","275.5100","275.7000","275.5100","275.4770","275.9900","97267","2025-04-11 19:59:00"
"382","96.2200","96.1400","96.2200","96.0780","96.2400","267794","2025-04-11 19:59:00"
"383","98.8100","98.6850","98.8100","98.6850","98.8200","109657","2025-04-11 19:59:00"
"384","82.1100","82.1400","82.1100","82.0600","82.1800","71818","2025-04-11 19:59:00"
"385","145.3200","145.3000","145.3200","145.2600","145.3400","27791","2025-04-11 19:59:00"
"386","280.2500","280.0400","280.2500","279.9800","280.2500","29466","2025-04-11 19:59:00"
"387","94.5100","94.3700","94.5100","94.3500","94.5300","95242","2025-04-11 19:59:00"
"388","269.5200","269.8700","269.5200","269.3600","270.0000","43587","2025-04-11 19:59:00"
"389","139.2400","139.0700","139.2400","139.0000","139.3000","415577","2025-04-11 19:59:00"
"390","163.8500","163.7900","163.8500","163.7800","164.0000","73406","2025-04-11 19:59:00"
"391","197.9200","197.9150","197.9200","197.8000","198.0100","27673","2025-04-11 19:59:00"
"392","135.3200","135.3100","135.3200","135.1900","135.3900","92410","2025-04-11 19:59:00"
"393","128.2400","128.1750","128.2400","128.1400","128.5000","180947","2025-04-11 19:59:00"
"394","55.2200","55.1350","55.2200","55.1200","55.2200","217793","2025-04-11 19:59:00"
"395","69.4100","69.4400","69.4100","69.3800","69.4500","24162","2025-04-11 19:59:00"
"396","553.7600","553.9300","553.7600","553.1800","554.1700","59475","2025-04-11 19:59:00"
"397","18.9700","18.9600","18.9700","18.9400","18.9800","323146","2025-04-11 19:59:00"
"398","243.9600","243.9600","243.9600","243.7300","244.1500","65254","2025-04-11 19:59:00"
"399","213.8200","213.6800","213.8200","213.5650","214.0000","73791","2025-04-11 19:59:00"
"400","94.8600","94.6650","94.8600","94.6650","94.8700","59648","2025-04-11 19:59:00"
"401","229.2000","228.9500","229.2000","228.9100","229.6500","87238","2025-04-11 19:59:00"
"402","55.2200","55.3000","55.2200","55.1950","55.3300","96102","2025-04-11 19:59:00"
"403","559.8900","560.2600","559.8900","559.4800","560.2600","21380","2025-04-11 19:59:00"
"404","141.5350","141.6500","141.5350","141.4000","141.6600","128432","2025-04-11 19:59:00"
"405","191.9900","191.9100","191.9900","191.8300","192.1000","90484","2025-04-11 19:59:00"
"406","464.9400","465.2400","464.9400","464.5500","465.3500","53725","2025-04-11 19:59:00"
"407","254.9900","254.9850","254.9900","254.6300","255.0300","260133","2025-04-11 19:59:00"
"408","219.1800","219.1300","219.1800","218.9800","219.2500","37259","2025-04-11 19:59:00"
"409","33.9250","33.9350","33.9250","33.9250","33.9600","532839","2025-04-11 19:59:00"
"410","70.1110","70.0900","70.1110","70.0700","70.1700","87301","2025-04-11 19:59:00"
"411","68.3100","68.3600","68.3100","68.2700","68.3800","122128","2025-04-11 19:59:00"
"412","785.4200","786.0800","785.4200","785.0100","786.3500","55629","2025-04-11 19:59:00"
"413","336.8500","337.0650","336.8500","336.7800","337.3400","55692","2025-04-11 19:59:00"
"414","148.0000","147.9800","148.0000","147.9300","148.1150","77295","2025-04-11 19:59:00"
"415","56.5400","56.5000","56.5400","56.4900","56.5700","129002","2025-04-11 19:59:00"
"416","115.9200","115.8950","115.9200","115.7900","115.9600","44439","2025-04-11 19:59:00"
"417","40.8000","40.8200","40.8000","40.7600","40.8400","98549","2025-04-11 19:59:00"
"418","336.1700","336.5700","336.1700","336.0800","336.9500","25381","2025-04-11 19:59:00"
"419","66.2200","66.2000","66.2200","66.1500","66.2300","37728","2025-04-11 19:59:00"
"420","89.8600","89.8200","89.8600","89.7100","89.8800","223963","2025-04-11 19:59:00"
"421","26.1700","26.2150","26.1700","26.1700","26.2400","306428","2025-04-11 19:59:00"
"422","59.0200","59.0150","59.0200","59.0000","59.0800","61917","2025-04-11 19:59:00"
"423","85.4200","85.4300","85.4200","85.3900","85.5200","368897","2025-04-11 19:59:00"
"424","79.4100","79.3900","79.4100","79.3600","79.5000","89460","2025-04-11 19:59:00"
"425","120.4100","120.5300","120.4100","120.3700","120.5750","61101","2025-04-11 19:59:00"
"426","221.0600","221.1800","221.0600","221.0600","221.3800","16466","2025-04-11 19:59:00"
"427","350.1300","350.0100","350.1300","349.7500","350.2600","92208","2025-04-11 19:59:00"
"428","33.1500","33.1100","33.1500","33.1100","33.1700","254184","2025-04-11 19:59:00"
"429","46.1100","46.1000","46.1100","46.0900","46.1400","136009","2025-04-11 19:59:00"
"430","421.0600","420.9850","421.0600","420.8375","421.2500","54873","2025-04-11 19:59:00"
"431","70.4300","70.3700","70.4300","70.3650","70.4450","104727","2025-04-11 19:59:00"
"432","258.5300","258.6100","258.5300","258.4300","258.7900","187072","2025-04-11 19:59:00"
"433","88.7400","88.7450","88.7400","88.7000","88.8400","88759","2025-04-11 19:59:00"
"434","212.1200","212.1650","212.1200","211.9300","212.4600","138420","2025-04-11 19:59:00"
"435","63.3600","63.4100","63.3600","63.3500","63.4300","257650","2025-04-11 19:59:00"
"436","163.5300","163.2500","163.5300","163.2300","163.6300","129126","2025-04-11 19:59:00"
"437","92.7900","92.7600","92.7900","92.7100","92.8300","365659","2025-04-11 19:59:00"
"438","127.8000","127.8100","127.8000","127.6700","127.8900","78840","2025-04-11 19:59:00"
"439","464.7700","464.5750","464.7700","464.2100","464.7800","7066","2025-04-11 19:59:00"
"440","73.6050","73.4750","73.6050","73.4500","73.6300","166533","2025-04-11 19:59:00"
"441","252.1800","251.9300","252.1800","251.5600","252.3200","1131404","2025-04-11 19:59:00"
"442","147.6100","147.5450","147.6100","147.4900","147.6300","354539","2025-04-11 19:59:00"
"443","1235.7400","1235.0601","1235.7400","1235.0601","1235.7400","1403","2025-04-11 19:59:00"
"444","65.6750","65.6500","65.6750","65.5700","65.6800","98356","2025-04-11 19:59:00"
"445","438.1500","438.0700","438.1500","437.6800","438.3800","70779","2025-04-11 19:59:00"
"446","128.1400","128.2100","128.1400","128.0700","128.2500","154438","2025-04-11 19:59:00"
"447","144.3500","144.2700","144.3500","144.1700","144.3800","34108","2025-04-11 19:59:00"
"448","51.6400","51.6550","51.6400","51.6300","51.6700","140684","2025-04-11 19:59:00"
"449","345.7700","346.2800","345.7700","345.7600","346.5050","46151","2025-04-11 19:59:00"
"450","1311.4600","1309.5500","1311.4600","1309.5500","1312.1801","16154","2025-04-11 19:59:00"
"451","244.9600","244.9300","244.9600","244.8300","245.0900","51310","2025-04-11 19:59:00"
"452","58.1900","58.2100","58.1900","58.1800","58.2600","44548","2025-04-11 19:59:00"
"453","35.3700","35.3000","35.3700","35.2500","35.3800","681488","2025-04-11 19:59:00"
"454","568.5300","568.5400","568.5300","568.0800","568.5700","7396","2025-04-11 19:59:00"
"455","60.5200","60.4900","60.5200","60.4550","60.5200","71420","2025-04-11 19:59:00"
"456","37.8600","37.8550","37.8600","37.8250","37.8800","554231","2025-04-11 19:59:00"
"457","72.2500","72.2500","72.2500","72.2100","72.3300","261488","2025-04-11 19:59:00"
"458","39.4500","39.4350","39.4500","39.4100","39.4800","110560","2025-04-11 19:59:00"
"459","361.5200","361.8900","361.5200","361.5200","362.0900","29120","2025-04-11 19:59:00"
"460","218.5900","218.4100","218.5900","218.3900","218.6100","122580","2025-04-11 19:59:00"
"461","65.6000","65.8000","65.6000","65.5500","65.8650","252350","2025-04-11 19:59:00"
"462","97.0600","96.9600","97.0600","96.9100","97.0600","216592","2025-04-11 19:59:00"
"463","582.8900","581.6100","582.8900","581.3100","582.9000","49883","2025-04-11 19:59:00"
"464","599.1600","598.9700","599.1600","598.7900","599.6100","200870","2025-04-11 19:59:00"
"465","175.2100","175.0900","175.2100","174.9700","175.2900","26618","2025-04-11 19:59:00"
"466","110.6650","110.5700","110.6650","110.5000","110.7200","98070","2025-04-11 19:59:00"
"467","66.1100","66.0400","66.1100","66.0300","66.1100","114310","2025-04-11 19:59:00"
"468","89.5900","89.6800","89.5900","89.5700","89.7200","92044","2025-04-11 19:59:00"
"469","247.0800","247.1900","247.0800","246.9500","247.2400","22436","2025-04-11 19:59:00"
"470","291.8800","291.9300","291.8800","291.5300","292.4000","41027","2025-04-11 19:59:00"
"471","43.7000","43.6750","43.7000","43.6650","43.7250","946879","2025-04-11 19:59:00"
"472","483.9900","484.2000","483.9900","483.8100","484.2200","68381","2025-04-11 19:59:00"
"473","7.5250","7.5350","7.5250","7.5250","7.5400","226408","2025-04-11 19:59:00"
"474","31.0600","31.0650","31.0600","31.0300","31.0800","246541","2025-04-11 19:59:00"
"475","333.2800","333.5500","333.2800","333.2600","334.0900","212867","2025-04-11 19:59:00"
"476","111.6900","111.7300","111.6900","111.5800","111.8600","144685","2025-04-11 19:59:00"
"477","242.0600","242.3175","242.0600","242.0200","242.5100","55312","2025-04-11 19:59:00"
"478","68.4900","68.5200","68.4900","68.4200","68.5600","119007","2025-04-11 19:59:00"
"479","993.2900","993.4400","993.2900","993.0050","994.0600","16595","2025-04-11 19:59:00"
"480","171.7700","172.0000","171.7700","171.7100","172.0400","36301","2025-04-11 19:59:00"
"481","10.7800","10.7750","10.7800","10.7600","10.7800","325494","2025-04-11 19:59:00"
"482","92.7600","92.7900","92.7600","92.7100","92.8500","534449","2025-04-11 19:59:00"
"483","84.8600","84.9100","84.8600","84.8000","85.0000","320465","2025-04-11 19:59:00"
"484","7.9650","7.9650","7.9650","7.9600","7.9700","382317","2025-04-11 19:59:00"
"485","229.3200","229.2700","229.3200","229.0924","229.4500","98248","2025-04-11 19:59:00"
"486","325.3400","325.5300","325.3400","325.0500","326.3700","47377","2025-04-11 19:59:00"
"487","106.9200","106.8400","106.9200","106.8000","106.9400","71755","2025-04-11 19:59:00"
"488","62.4900","62.3450","62.4900","62.3400","62.5200","878896","2025-04-11 19:59:00"
"489","142.6300","142.6600","142.6300","142.4800","142.7400","158697","2025-04-11 19:59:00"
"490","210.7300","210.7450","210.7300","210.3600","210.8200","30916","2025-04-11 19:59:00"
"491","34.3900","34.3700","34.3900","34.3200","34.4200","316219","2025-04-11 19:59:00"
"492","25.7800","25.7600","25.7800","25.7500","25.7950","157960","2025-04-11 19:59:00"
"493","148.2100","148.0700","148.2100","147.9050","148.2700","72641","2025-04-11 19:59:00"
"494","56.3600","56.2350","56.3600","56.2350","56.3900","301990","2025-04-11 19:59:00"
"495","321.7700","322.0900","321.7700","321.7700","322.2500","15228","2025-04-11 19:59:00"
"496","226.4200","226.5350","226.4200","226.4200","226.5900","86799","2025-04-11 19:59:00"
"497","73.2000","73.2100","73.2000","73.1700","73.2250","65998","2025-04-11 19:59:00"
"498","69.5600","69.5600","69.5600","69.4800","69.5750","124405","2025-04-11 19:59:00"
"499","109.0600","108.8900","109.0600","108.8200","109.0600","101579","2025-04-11 19:59:00"
"500","144.9900","144.9600","144.9900","144.9100","145.0500","156448","2025-04-11 19:59:00"
"501","225.2500","225.4350","225.2500","225.2250","225.4500","26626","2025-04-11 19:59:00"
"502","102.3400","102.3000","102.3400","102.2100","102.3750","124391","2025-04-11 19:59:00"
"503","149.4200","149.3900","149.4200","149.3400","149.5600","137512","2025-04-11 19:59:00"
